experiment	comment	disease	mean_rank_unseen	median_rank_unseen	n_unseen_in_list	compare_from	num_targets_found	avg_precision	avg_reciprocal_rank_custom	fold_enrichment_top_1_pct	recall_top_1_pct	fold_enrichment_top_5_pct	recall_top_5_pct	fold_enrichment_top_10_pct	recall_top_10_pct	precision_at_10	recall_at_10	precision_at_25	recall_at_25	precision_at_50	recall_at_50	precision_at_100	recall_at_100	precision_at_250	recall_at_250	precision_at_1000	recall_at_1000	mean_rank_seen	median_rank_seen	n_seen_true_positives
ExpC7	GNN	microcephaly	5534.6957	4748.0	46	2022_09	46	0.0055	0.0009	2.1739	0.0217	2.1739	0.1087	2.3913	0.2391	0.0	0.0	0.0	0.0	0.0	0.0	0.01	0.0217	0.008	0.0435	0.007	0.1522	381.594	339.5	266
ExpB13	IGNN	microcephaly	4573.9565	3898.5	46	2022_09	46	0.0057	0.0005	0.0	0.0	2.1739	0.1087	1.9565	0.1957	0.0	0.0	0.0	0.0	0.0	0.0	0.0	0.0	0.0	0.0	0.007	0.1522	181.7566	186.0	267
ExpC6	GNN	intellectual_disability	3954.7511	3016.0	221	2022_09	221	0.037	0.0012	3.6199	0.0362	3.3484	0.1674	2.8507	0.2851	0.0	0.0	0.0	0.0	0.02	0.0045	0.05	0.0226	0.064	0.0724	0.047	0.2127	1486.6136	1403.0	1923
ExpB11	IGNN	intellectual_disability	4448.8869	3771.0	221	2022_09	221	0.0283	0.0008	1.81	0.0181	2.2624	0.1131	2.1267	0.2127	0.0	0.0	0.0	0.0	0.02	0.0045	0.02	0.009	0.032	0.0362	0.03	0.1357	1116.7051	1102.0	1923
ExpCP_	GNN	mnd	7006.0	8551.0	7	2022_09	7	0.001	0.0007	0.0	0.0	2.8571	0.1429	1.4286	0.1429	0.0	0.0	0.0	0.0	0.0	0.0	0.0	0.0	0.0	0.0	0.001	0.1429	47.7424	46.5	66
ExpB9	IGNN	mnd	2266.5714	407.0	7	2022_09	7	0.0234	0.0153	28.5714	0.2857	14.2857	0.7143	7.1429	0.7143	0.0	0.0	0.04	0.1429	0.04	0.2857	0.02	0.2857	0.012	0.4286	0.005	0.7143	35.1212	35.5	66
ExpC12	GNN	ataxia	4492.5714	3942.5	14	2022_09	14	0.0018	0.0004	0.0	0.0	0.0	0.0	2.8571	0.2857	0.0	0.0	0.0	0.0	0.0	0.0	0.0	0.0	0.0	0.0	0.001	0.0714	159.0661	140.0	227
ExpB81	IGNN	ataxia	5242.9286	5004.5	14	2022_09	14	0.0052	0.0036	7.1429	0.0714	2.8571	0.1429	3.5714	0.3571	0.0	0.0	0.04	0.0714	0.02	0.0714	0.01	0.0714	0.008	0.1429	0.002	0.1429	117.2555	114.0	227
ExpC9	GNN	cp	4500.5923	3338.0	233	2022_09	233	0.0352	0.0012	3.8627	0.0386	3.4335	0.1717	3.0901	0.309	0.0	0.0	0.04	0.0043	0.04	0.0086	0.05	0.0215	0.044	0.0472	0.046	0.1974	76.1957	75.5	92
ExpB17	IGNN	cp	2173.8283	1040.0	233	2022_09	233	0.1269	0.0103	14.5923	0.1459	8.6695	0.4335	6.3519	0.6352	0.5	0.0215	0.32	0.0343	0.2	0.0429	0.23	0.0987	0.172	0.1845	0.111	0.4764	64.163	68.5	92
ExpC2	GNN	dee	3677.6927	2915.0	192	2022_09	192	0.0475	0.0028	7.2917	0.0729	5.7292	0.2865	3.8021	0.3802	0.1	0.0052	0.12	0.0156	0.1	0.026	0.1	0.0521	0.096	0.125	0.056	0.2917	918.1712	929.5	736
ExpA83	IGNN	dee	2616.4844	1379.0	192	2022_09	192	0.0662	0.0032	7.8125	0.0781	7.5	0.375	5.3646	0.5365	0.1	0.0052	0.12	0.0156	0.1	0.026	0.09	0.0469	0.092	0.1198	0.079	0.4115	491.2812	476.5	736
ExpC3	GNN	ad_dee	2061.0	1306.5	64	2022_09	64	0.0369	0.0079	15.625	0.1562	7.5	0.375	6.25	0.625	0.2	0.0312	0.12	0.0469	0.1	0.0781	0.06	0.0938	0.04	0.1562	0.026	0.4062	384.9847	371.0	262
ExpB86	IGNN	ad_dee	2213.875	1085.0	64	2022_09	64	0.0345	0.0035	20.3125	0.2031	8.4375	0.4219	5.7812	0.5781	0.0	0.0	0.0	0.0	0.04	0.0312	0.08	0.125	0.056	0.2188	0.03	0.4688	144.7366	142.5	262
ExpC4	GNN	ar_dee	5075.4783	4748.0	46	2022_09	46	0.0053	0.0007	2.1739	0.0217	1.7391	0.087	1.5217	0.1522	0.0	0.0	0.0	0.0	0.0	0.0	0.0	0.0	0.016	0.087	0.004	0.087	499.2802	509.0	439
ExpB87	IGNN	ar_dee	3062.8478	1642.0	46	2022_09	46	0.0163	0.0032	10.8696	0.1087	6.087	0.3043	5.0	0.5	0.0	0.0	0.04	0.0217	0.04	0.0435	0.05	0.1087	0.024	0.1304	0.016	0.3478	239.8178	245.0	439
ExpC70	80_20	intellectual_disability	4305.4163	3501.0	221	2022_09	221	0.03	0.0008	2.7149	0.0271	2.3529	0.1176	2.4887	0.2489	0.0	0.0	0.0	0.0	0.0	0.0	0.04	0.0181	0.032	0.0362	0.033	0.1493	1171.415	1137.0	1923
ExpC71	60_40	intellectual_disability	4325.819	3560.0	221	2022_09	221	0.0297	0.0009	2.2624	0.0226	2.1719	0.1086	2.1719	0.2172	0.0	0.0	0.0	0.0	0.02	0.0045	0.04	0.0181	0.032	0.0362	0.029	0.1312	1169.1524	1129.0	1923
ExpC72	40_60	intellectual_disability	4556.6878	3755.0	221	2022_09	221	0.0279	0.0008	1.81	0.0181	2.3529	0.1176	2.3982	0.2398	0.0	0.0	0.0	0.0	0.02	0.0045	0.02	0.009	0.032	0.0362	0.031	0.1403	1169.7072	1138.0	1923
ExpC73	20_80	intellectual_disability	4391.9276	3835.0	221	2022_09	221	0.0284	0.0008	1.81	0.0181	2.0814	0.1041	2.2172	0.2217	0.0	0.0	0.0	0.0	0.0	0.0	0.02	0.009	0.032	0.0362	0.033	0.1493	1171.0879	1129.0	1923
ExpC80	hl_only	dee	3441.776	2218.5	192	2022_09	192	0.0588	0.0089	6.7708	0.0677	5.7292	0.2865	4.4271	0.4427	0.4	0.0208	0.16	0.0208	0.12	0.0312	0.09	0.0469	0.072	0.0938	0.061	0.3177	530.0992	456.5	736
ExpC81	hl_only	ad_dee	3812.5781	2618.0	64	2022_09	64	0.0165	0.0016	6.25	0.0625	6.25	0.3125	4.2188	0.4219	0.0	0.0	0.0	0.0	0.0	0.0	0.02	0.0312	0.028	0.1094	0.021	0.3281	220.9885	173.0	262
ExpC82	hl_only	ar_dee	4900.5435	2993.5	46	2022_09	46	0.0103	0.0014	4.3478	0.0435	5.2174	0.2609	4.1304	0.413	0.0	0.0	0.0	0.0	0.0	0.0	0.02	0.0435	0.016	0.087	0.015	0.3261	478.2551	361.0	439
ExpC83	hl_only	microcephaly	7096.1087	7209.5	46	2022_09	46	0.0036	0.0004	0.0	0.0	0.8696	0.0435	1.7391	0.1739	0.0	0.0	0.0	0.0	0.0	0.0	0.0	0.0	0.004	0.0217	0.005	0.1087	415.718	320.5	266
ExpC84	hl_only	intellectual_disability	6940.267	7381.0	221	2022_09	221	0.0193	0.0005	0.0	0.0	1.991	0.0995	2.1719	0.2172	0.0	0.0	0.0	0.0	0.0	0.0	0.0	0.0	0.016	0.0181	0.032	0.1448	1431.7743	1169.0	1923
ExpC85	hl_only	mnd	3696.1429	597.0	7	2022_09	7	0.0225	0.0197	28.5714	0.2857	11.4286	0.5714	5.7143	0.5714	0.1	0.1429	0.04	0.1429	0.02	0.1429	0.01	0.1429	0.008	0.2857	0.004	0.5714	40.2121	40.5	66
ExpC86	hl_only	ataxia	7285.9286	7443.0	14	2022_09	14	0.0044	0.0032	14.2857	0.1429	2.8571	0.1429	1.4286	0.1429	0.0	0.0	0.0	0.0	0.02	0.0714	0.01	0.0714	0.008	0.1429	0.002	0.1429	200.7269	186.0	227
ExpC87	hl_only	cp	2856.0215	1486.0	233	2022_09	233	0.0871	0.0046	11.588	0.1159	6.9528	0.3476	5.5365	0.5536	0.1	0.0043	0.16	0.0172	0.2	0.0429	0.17	0.073	0.144	0.1545	0.092	0.3948	103.3587	115.0	92
ExpC88	hl_only	arthrogryposis	3899.3182	1390.5	22	2022_09	22	0.0712	0.0548	18.1818	0.1818	9.0909	0.4545	5.0	0.5	0.2	0.0909	0.12	0.1364	0.06	0.1364	0.03	0.1364	0.016	0.1818	0.011	0.5	213.3563	130.5	174
ExpC80	hl_only	dee	3558.4635	2141.0	192	2022_09	192	0.0512	0.0042	6.25	0.0625	5.2083	0.2604	4.4792	0.4479	0.1	0.0052	0.16	0.0208	0.1	0.026	0.1	0.0521	0.084	0.1094	0.062	0.3229	512.2296	447.5	736
ExpC81	hl_only	ad_dee	3825.1094	2594.0	64	2022_09	64	0.014	0.0014	3.125	0.0312	5.9375	0.2969	3.75	0.375	0.0	0.0	0.0	0.0	0.02	0.0156	0.02	0.0312	0.016	0.0625	0.021	0.3281	219.6565	161.5	262
ExpC82	hl_only	ar_dee	4321.1739	2551.0	46	2022_09	46	0.0099	0.0012	2.1739	0.0217	4.7826	0.2391	4.3478	0.4348	0.0	0.0	0.0	0.0	0.0	0.0	0.01	0.0217	0.008	0.0435	0.014	0.3043	315.9795	270.0	439
ExpC83	hl_only	microcephaly	6895.3043	6026.5	46	2022_09	46	0.0032	0.0003	0.0	0.0	0.4348	0.0217	0.4348	0.0435	0.0	0.0	0.0	0.0	0.0	0.0	0.0	0.0	0.0	0.0	0.001	0.0217	220.8346	188.0	266
ExpC84	hl_only	intellectual_disability	6281.733	5803.0	221	2022_09	221	0.0182	0.0005	0.4525	0.0045	2.0814	0.1041	1.1765	0.1176	0.0	0.0	0.0	0.0	0.0	0.0	0.0	0.0	0.024	0.0271	0.024	0.1086	1117.2215	1079.0	1923
ExpC85	hl_only	mnd	3332.7143	302.0	7	2022_09	7	0.0441	0.0388	28.5714	0.2857	14.2857	0.7143	7.1429	0.7143	0.1	0.1429	0.04	0.1429	0.02	0.1429	0.02	0.2857	0.008	0.2857	0.005	0.7143	35.9545	36.5	66
ExpC86	hl_only	ataxia	6719.2143	6061.0	14	2022_09	14	0.0038	0.0016	21.4286	0.2143	4.2857	0.2143	2.1429	0.2143	0.0	0.0	0.0	0.0	0.0	0.0	0.0	0.0	0.012	0.2143	0.003	0.2143	169.9075	146.0	227
ExpC87	hl_only	cp	2402.7124	1309.0	233	2022_09	233	0.0989	0.0058	12.8755	0.1288	7.5536	0.3777	5.9227	0.5923	0.4	0.0172	0.24	0.0258	0.18	0.0386	0.18	0.0773	0.148	0.1588	0.098	0.4206	51.9565	52.0	92
ExpC88	hl_only	arthrogryposis	4274.1818	1252.5	22	2022_09	22	0.0307	0.0141	22.7273	0.2273	7.2727	0.3636	5.4545	0.5455	0.2	0.0909	0.12	0.1364	0.06	0.1364	0.03	0.1364	0.024	0.2727	0.01	0.4545	121.8908	101.0	174
ExpC89	hl_only	platelet_disorder	828.4667	163.0	15	2022_09	15	0.0786	0.04	53.3333	0.5333	16.0	0.8	8.6667	0.8667	0.2	0.1333	0.12	0.2	0.06	0.2	0.04	0.2667	0.032	0.5333	0.012	0.8	78.2174	71.0	115
ExpC90	hl_only	bone_marrow_failure	3398.4194	744.0	31	2022_09	31	0.0371	0.0132	32.2581	0.3226	10.9677	0.5484	6.129	0.6129	0.1	0.0323	0.04	0.0323	0.06	0.0968	0.06	0.1935	0.044	0.3548	0.018	0.5806	94.8367	49.5	98
ExpC91	hl_only	cataract	6864.875	6843.0	8	2022_09	8	0.0006	0.0002	0.0	0.0	0.0	0.0	0.0	0.0	0.0	0.0	0.0	0.0	0.0	0.0	0.0	0.0	0.0	0.0	0.0	0.0	95.7931	96.5	174
ExpC92	hl_ll	platelet_disorder	846.0667	104.0	15	2022_09	15	0.0819	0.0334	53.3333	0.5333	14.6667	0.7333	9.3333	0.9333	0.2	0.1333	0.12	0.2	0.08	0.2667	0.07	0.4667	0.032	0.5333	0.012	0.8	80.113	85.0	115
ExpC93	hl_ll	bone_marrow_failure	2893.8065	806.0	31	2022_09	31	0.0299	0.0072	25.8065	0.2581	10.3226	0.5161	6.129	0.6129	0.0	0.0	0.08	0.0645	0.06	0.0968	0.07	0.2258	0.04	0.3226	0.018	0.5806	50.898	49.5	98
ExpC94	hl_ll	cataract	7552.0	7463.5	8	2022_09	8	0.0006	0.0002	0.0	0.0	0.0	0.0	0.0	0.0	0.0	0.0	0.0	0.0	0.0	0.0	0.0	0.0	0.0	0.0	0.0	0.0	97.9368	98.5	174
ExpC95	ll_only	platelet_disorder	6221.0667	6988.0	15	2022_09	15	0.0036	0.0016	6.6667	0.0667	6.6667	0.3333	4.0	0.4	0.0	0.0	0.0	0.0	0.0	0.0	0.01	0.0667	0.004	0.0667	0.005	0.3333	2174.5826	1790.0	115
ExpC96	ll_only	bone_marrow_failure	5004.5161	3618.0	31	2022_09	31	0.0127	0.0067	9.6774	0.0968	3.871	0.1935	2.2581	0.2258	0.1	0.0323	0.04	0.0323	0.06	0.0968	0.03	0.0968	0.012	0.0968	0.006	0.1935	1518.398	1150.0	98
ExpC97	ll_only	cataract	7791.0	9394.0	8	2022_09	8	0.0007	0.0003	0.0	0.0	0.0	0.0	1.25	0.125	0.0	0.0	0.0	0.0	0.0	0.0	0.0	0.0	0.0	0.0	0.0	0.0	2673.6437	2362.0	174
ExpC10	ll_only	arthrogryposis	5802.0909	5708.0	22	2022_09	22	0.0023	0.0004	0.0	0.0	1.8182	0.0909	2.2727	0.2273	0.0	0.0	0.0	0.0	0.0	0.0	0.0	0.0	0.0	0.0	0.003	0.1364	90.6782	90.5	174
ExpB19	hl_ll	arthrogryposis	3290.9545	1724.5	22	2022_09	22	0.0752	0.0562	22.7273	0.2273	7.2727	0.3636	5.0	0.5	0.2	0.0909	0.08	0.0909	0.06	0.1364	0.03	0.1364	0.02	0.2273	0.01	0.4545	100.9023	97.5	174
ExpR_ad	hl_ll	ad_dee	2132.2812	1132.5	64	2022_09	64	0.0299	0.0035	14.0625	0.1406	8.4375	0.4219	5.9375	0.5938	0.0	0.0	0.04	0.0156	0.06	0.0469	0.03	0.0469	0.048	0.1875	0.03	0.4688	206.6031	194.0	262
ExpR_ar	hl_ll	ar_dee	3429.913	1739.5	46	2022_09	46	0.0134	0.0013	2.1739	0.0217	7.8261	0.3913	5.0	0.5	0.0	0.0	0.0	0.0	0.0	0.0	0.0	0.0	0.016	0.087	0.02	0.4348	306.0319	295.0	439
ExpD20	ll_only	arthrogryposis	6057.8182	6299.5	22	2022_09	22	0.0024	0.0005	0.0	0.0	3.6364	0.1818	2.7273	0.2727	0.0	0.0	0.0	0.0	0.0	0.0	0.0	0.0	0.0	0.0	0.004	0.1818	93.1552	91.5	174
ExpD21	hl_ll	arthrogryposis	3285.0909	1828.5	22	2022_09	22	0.0803	0.0584	22.7273	0.2273	7.2727	0.3636	5.0	0.5	0.2	0.0909	0.12	0.1364	0.06	0.1364	0.04	0.1818	0.024	0.2727	0.009	0.4091	109.3046	107.5	174
ExpD21	hl_ll	arthrogryposis	3285.0909	1828.5	22	2022_09	22	0.0803	0.0584	22.7273	0.2273	7.2727	0.3636	5.0	0.5	0.2	0.0909	0.12	0.1364	0.06	0.1364	0.04	0.1818	0.024	0.2727	0.009	0.4091	109.3046	107.5	174
ExpD20	ll_only	arthrogryposis	6057.8182	6299.5	22	2022_09	22	0.0024	0.0005	0.0	0.0	3.6364	0.1818	2.7273	0.2727	0.0	0.0	0.0	0.0	0.0	0.0	0.0	0.0	0.0	0.0	0.004	0.1818	93.1552	91.5	174
